time,cpu_usage,active_workers,queue_len
0,10,1,0
10,10,1,0
20,20,2,0
30,20,2,0
40,55,3,0
50,55,3,0
60,65,4,0
70,65,4,0
80,75,5,0
90,75,5,0
100,85,6,0
110,85,6,0
120,85,6,1
130,85,6,1
140,85,6,2
150,85,6,2
160,95,7,2
170,95,7,2
180,95,7,3
190,95,7,3
200,95,7,3
210,95,7,3
220,85,6,4
230,85,6,4
240,95,7,3
250,95,7,3
260,85,6,4
270,85,6,4
280,85,6,4
290,85,6,4
300,85,6,4
310,85,6,4
320,85,6,5
330,85,6,5
340,95,7,5
350,95,7,5
360,95,7,5
370,95,7,5
380,95,7,6
390,95,7,6
400,95,7,6
410,95,7,6
420,95,7,7
430,95,7,7
440,85,6,7
450,85,6,7
460,85,6,8
470,85,6,8
480,85,6,8
490,85,6,8
500,75,5,9
510,75,5,9
520,85,6,9
530,85,6,9
540,75,5,10
550,75,5,10
560,100,5,10
570,100,5,10
580,100,5,11
590,100,5,11
600,90,4,12
610,90,4,12
620,100,5,12
630,100,5,12
640,100,5,12
650,100,5,12
660,100,5,13
670,100,5,13
680,90,4,14
690,90,4,14
700,90,4,15
710,90,4,15
720,90,4,15
730,90,4,15
740,100,5,15
750,100,5,15
760,100,5,15
770,100,5,15
780,100,5,16
790,100,5,16
800,100,5,17
810,100,5,17
820,100,5,17
830,100,5,17
840,100,5,17
850,100,5,17
860,100,5,18
870,100,5,18
880,100,5,19
890,100,5,19
900,100,5,20
910,100,5,20
920,100,5,20
930,100,5,20
940,100,5,20
950,100,5,20
960,100,5,20
970,100,5,20
980,100,5,21
990,100,5,21
1000,100,5,22
1010,100,5,22
1020,100,5,22
1030,100,5,22
1040,100,5,22
1050,100,5,22
1060,100,5,23
1070,100,5,23
1080,100,5,24
1090,100,5,24
1100,100,5,25
1110,100,5,25
1120,100,5,25
1130,100,5,25
1140,100,5,25
1150,100,5,25
1160,100,5,25
1170,100,5,25
1180,100,5,26
1190,100,5,26
1200,100,5,27
1210,100,5,27
1220,100,5,27
1230,100,5,27
1240,100,5,27
1250,100,5,27
1260,100,5,28
1270,100,5,28
1280,100,5,29
1290,100,5,29
1300,100,5,30
1310,100,5,30
1320,100,5,30
1330,100,5,30
1340,100,5,30
1350,100,5,30
1360,100,5,30
1370,100,5,30
1380,100,5,31
1390,100,5,31
1400,100,5,32
1410,100,5,32
1420,100,5,32
1430,100,5,32
1440,100,5,32
1450,100,5,32
1460,100,5,33
1470,100,5,33
1480,100,5,34
1490,100,5,34
1500,100,5,35
1510,100,5,35
1520,100,5,35
1530,100,5,35
1540,100,5,35
1550,100,5,35
1560,100,5,35
1570,100,5,35
1580,100,5,36
1590,100,5,36
1600,100,5,37
1610,100,5,37
1620,100,5,37
1630,100,5,37
1640,100,5,37
1650,100,5,37
1660,100,5,38
1670,100,5,38
1680,100,5,39
1690,100,5,39
1700,100,5,40
1710,100,5,40
1720,100,5,40
1730,100,5,40
1740,100,5,40
1750,100,5,40
1760,100,5,40
1770,100,5,40
1780,100,5,41
1790,100,5,41
1800,100,5,42
1810,100,5,42
1820,100,5,42
1830,100,5,42
1840,100,5,42
1850,100,5,42
1860,100,5,43
1870,100,5,43
1880,100,5,44
1890,100,5,44
1900,100,5,45
1910,100,5,45
1920,100,5,45
1930,100,5,45
1940,100,5,45
1950,100,5,45
1960,100,5,45
1970,100,5,45
1980,100,5,46
1990,100,5,46
2000,100,5,47
2010,100,5,47
2020,100,5,47
2030,100,5,47
2040,100,5,47
2050,100,5,47
2060,100,5,48
2070,100,5,48
2080,100,5,49
2090,100,5,49
2100,100,5,50
2110,100,5,50
2120,100,5,50
2130,100,5,50
2140,100,5,50
2150,100,5,50
2160,100,5,50
2170,100,5,50
2180,100,5,51
2190,100,5,51
2200,100,5,52
2210,100,5,52
2220,100,5,52
2230,100,5,52
2240,100,5,52
2250,100,5,52
2260,100,5,53
2270,100,5,53
2280,100,5,54
2290,100,5,54
2300,100,5,55
2310,100,5,55
2320,100,5,55
2330,100,5,55
2340,100,5,55
2350,100,5,55
2360,100,5,55
2370,100,5,55
2380,100,5,56
2390,100,5,56
2400,100,5,57
2410,100,5,57
2420,100,5,57
2430,100,5,57
2440,100,5,57
2450,100,5,57
2460,100,5,58
2470,100,5,58
2480,100,5,59
2490,100,5,59
2500,100,5,60
2510,100,5,60
2520,100,5,60
2530,100,5,60
2540,100,5,60
2550,100,5,60
2560,100,5,60
2570,100,5,60
2580,100,5,61
2590,100,5,61
2600,100,5,62
2610,100,5,62
2620,100,5,62
2630,100,5,62
2640,100,5,62
2650,100,5,62
2660,100,5,63
2670,100,5,63
2680,100,5,64
2690,100,5,64
2700,100,5,65
2710,100,5,65
2720,100,5,65
2730,100,5,65
2740,100,5,65
2750,100,5,65
2760,100,5,65
2770,100,5,65
2780,100,5,66
2790,100,5,66
2800,100,5,67
2810,100,5,67
2820,100,5,67
2830,100,5,67
2840,100,5,67
2850,100,5,67
2860,100,5,68
2870,100,5,68
2880,100,5,69
2890,100,5,69
2900,100,5,70
2910,100,5,70
2920,100,5,70
2930,100,5,70
2940,100,5,70
2950,100,5,70
2960,100,5,70
2970,100,5,70
2980,100,5,71
2990,100,5,71
3000,100,5,72
3010,100,5,72
3020,100,5,72
3030,100,5,72
3040,100,5,72
3050,100,5,72
3060,100,5,73
3070,100,5,73
3080,100,5,74
3090,100,5,74
3100,100,5,75
3110,100,5,75
3120,100,5,75
3130,100,5,75
3140,100,5,75
3150,100,5,75
3160,100,5,75
3170,100,5,75
3180,100,5,76
3190,100,5,76
3200,100,5,77
3210,100,5,77
3220,100,5,77
3230,100,5,77
3240,100,5,77
3250,100,5,77
3260,100,5,78
3270,100,5,78
3280,100,5,79
3290,100,5,79
3300,100,5,80
3310,100,5,80
3320,100,5,80
3330,100,5,80
3340,100,5,80
3350,100,5,80
3360,100,5,80
3370,100,5,80
3380,100,5,81
3390,100,5,81
3400,100,5,82
3410,100,5,82
3420,100,5,82
3430,100,5,82
3440,100,5,82
3450,100,5,82
3460,100,5,83
3470,100,5,83
3480,100,5,84
3490,100,5,84
3500,100,5,85
3510,100,5,85
3520,100,5,85
3530,100,5,85
3540,100,5,85
3550,100,5,85
3560,100,5,85
3570,100,5,85
3580,100,5,86
3590,100,5,86
3600,100,5,87
3610,100,5,87
3620,100,5,87
3630,100,5,87
3640,100,5,87
3650,100,5,87
3660,100,5,88
3670,100,5,88
3680,100,5,89
3690,100,5,89
3700,100,5,90
3710,100,5,90
3720,100,5,90
3730,100,5,90
3740,100,5,90
3750,100,5,90
3760,100,5,90
3770,100,5,90
3780,100,5,91
3790,100,5,91
3800,100,5,92
3810,100,5,92
3820,100,5,92
3830,100,5,92
3840,100,5,92
3850,100,5,92
3860,100,5,93
3870,100,5,93
3880,100,5,94
3890,100,5,94
3900,100,5,95
3910,100,5,95
3920,100,5,95
3930,100,5,95
3940,100,5,95
3950,100,5,95
3960,100,5,95
3970,100,5,95
3980,100,5,96
3990,100,5,96
4000,100,5,97
4010,100,5,97
4020,100,5,97
4030,100,5,97
4040,100,5,97
4050,100,5,97
4060,100,5,98
4070,100,5,98
4080,100,5,99
4090,100,5,99
4100,100,5,100
4110,100,5,100
4120,100,5,100
4130,100,5,100
4140,100,5,100
4150,100,5,100
4160,100,5,100
4170,100,5,100
4180,100,5,101
4190,100,5,101
4200,100,5,102
4210,100,5,102
4220,100,5,102
4230,100,5,102
4240,100,5,102
4250,100,5,102
4260,100,5,103
4270,100,5,103
4280,100,5,104
4290,100,5,104
4300,100,5,105
4310,100,5,105
4320,100,5,105
4330,100,5,105
4340,100,5,105
4350,100,5,105
4360,100,5,105
4370,100,5,105
4380,100,5,106
4390,100,5,106
4400,100,5,107
4410,100,5,107
4420,100,5,107
4430,100,5,107
4440,100,5,107
4450,100,5,107
4460,100,5,108
4470,100,5,108
4480,100,5,109
4490,100,5,109
4500,100,5,110
4510,100,5,110
4520,100,5,110
4530,100,5,110
4540,100,5,110
4550,100,5,110
4560,100,5,110
4570,100,5,110
4580,100,5,111
4590,100,5,111
4600,100,5,112
4610,100,5,112
4620,100,5,112
4630,100,5,112
4640,100,5,112
4650,100,5,112
4660,100,5,113
4670,100,5,113
4680,100,5,114
4690,100,5,114
4700,100,5,115
4710,100,5,115
4720,100,5,115
4730,100,5,115
4740,100,5,115
4750,100,5,115
4760,100,5,115
4770,100,5,115
4780,100,5,116
4790,100,5,116
4800,100,5,117
4810,100,5,117
4820,100,5,117
4830,100,5,117
4840,100,5,117
4850,100,5,117
4860,100,5,118
4870,100,5,118
4880,100,5,119
4890,100,5,119
4900,100,5,120
4910,100,5,120
4920,100,5,120
4930,100,5,120
4940,100,5,120
4950,100,5,120
4960,100,5,120
4970,100,5,120
4980,100,5,121
4990,100,5,121
5000,100,5,122
5010,100,5,122
5020,100,5,122
5030,100,5,122
5040,100,5,122
5050,100,5,122
5060,100,5,123
5070,100,5,123
5080,100,5,124
5090,100,5,124
5100,100,5,125
5110,100,5,125
5120,100,5,125
5130,100,5,125
5140,100,5,125
5150,100,5,125
5160,100,5,125
5170,100,5,125
5180,100,5,126
5190,100,5,126
5200,100,5,127
5210,100,5,127
5220,100,5,127
5230,100,5,127
5240,100,5,127
5250,100,5,127
5260,100,5,128
5270,100,5,128
5280,100,5,129
5290,100,5,129
5300,100,5,130
5310,100,5,130
5320,100,5,130
5330,100,5,130
5340,100,5,130
5350,100,5,130
5360,100,5,130
5370,100,5,130
5380,100,5,131
5390,100,5,131
5400,100,5,132
5410,100,5,132
5420,100,5,132
5430,100,5,132
5440,100,5,132
5450,100,5,132
5460,100,5,133
5470,100,5,133
5480,100,5,134
5490,100,5,134
5500,100,5,135
5510,100,5,135
5520,100,5,135
5530,100,5,135
5540,100,5,135
5550,100,5,135
5560,100,5,135
5570,100,5,135
5580,100,5,136
5590,100,5,136
5600,100,5,137
5610,100,5,137
5620,100,5,137
5630,100,5,137
5640,100,5,137
5650,100,5,137
5660,100,5,138
5670,100,5,138
5680,100,5,139
5690,100,5,139
5700,100,5,140
5710,100,5,140
5720,100,5,140
5730,100,5,140
5740,100,5,140
5750,100,5,140
5760,100,5,140
5770,100,5,140
5780,100,5,141
5790,100,5,141
5800,100,5,142
5810,100,5,142
5820,100,5,142
5830,100,5,142
5840,100,5,142
5850,100,5,142
5860,100,5,143
5870,100,5,143
5880,100,5,144
5890,100,5,144
5900,100,5,145
5910,100,5,145
5920,100,5,145
5930,100,5,145
5940,100,5,145
5950,100,5,145
5960,100,5,145
5970,100,5,145
5980,100,5,146
5990,100,5,146
6000,100,5,147
6010,100,5,147
6020,100,5,147
6030,100,5,147
6040,100,5,147
6050,100,5,147
6060,100,5,148
6070,100,5,148
6080,100,5,149
6090,100,5,149
6100,100,5,150
6110,100,5,150
6120,100,5,150
6130,100,5,150
6140,100,5,150
6150,100,5,150
6160,100,5,150
6170,100,5,150
6180,100,5,151
6190,100,5,151
6200,100,5,152
6210,100,5,152
6220,100,5,152
6230,100,5,152
6240,100,5,152
6250,100,5,152
6260,100,5,153
6270,100,5,153
6280,100,5,154
6290,100,5,154
6300,100,5,155
6310,100,5,155
6320,100,5,155
6330,100,5,155
6340,100,5,155
6350,100,5,155
6360,100,5,155
6370,100,5,155
6380,100,5,156
6390,100,5,156
6400,100,5,157
6410,100,5,157
6420,100,5,157
6430,100,5,157
6440,100,5,157
6450,100,5,157
6460,100,5,158
6470,100,5,158
6480,100,5,159
6490,100,5,159
6500,100,5,160
6510,100,5,160
6520,100,5,160
6530,100,5,160
6540,100,5,160
6550,100,5,160
6560,100,5,160
6570,100,5,160
6580,100,5,161
6590,100,5,161
6600,100,5,162
6610,100,5,162
6620,100,5,162
6630,100,5,162
6640,100,5,162
6650,100,5,162
6660,100,5,163
6670,100,5,163
6680,100,5,164
6690,100,5,164
6700,100,5,165
6710,100,5,165
6720,100,5,165
6730,100,5,165
6740,100,5,165
6750,100,5,165
6760,100,5,165
6770,100,5,165
6780,100,5,166
6790,100,5,166
6800,100,5,167
6810,100,5,167
6820,100,5,167
6830,100,5,167
6840,100,5,167
6850,100,5,167
6860,100,5,168
6870,100,5,168
6880,100,5,169
6890,100,5,169
6900,100,5,170
6910,100,5,170
6920,100,5,170
6930,100,5,170
6940,100,5,170
6950,100,5,170
6960,100,5,170
6970,100,5,170
6980,100,5,171
6990,100,5,171
7000,100,5,172
7010,100,5,172
7020,100,5,172
7030,100,5,172
7040,100,5,172
7050,100,5,172
7060,100,5,173
7070,100,5,173
7080,100,5,174
7090,100,5,174
7100,100,5,175
7110,100,5,175
7120,100,5,175
7130,100,5,175
7140,100,5,175
7150,100,5,175
7160,100,5,175
7170,100,5,175
7180,100,5,176
7190,100,5,176
7200,100,5,177
7210,100,5,177
7220,100,5,177
7230,100,5,177
7240,100,5,177
7250,100,5,177
7260,100,5,178
7270,100,5,178
7280,100,5,179
7290,100,5,179
7300,100,5,180
7310,100,5,180
7320,100,5,180
7330,100,5,180
7340,100,5,180
7350,100,5,180
7360,100,5,180
7370,100,5,180
7380,100,5,181
7390,100,5,181
7400,100,5,182
7410,100,5,182
7420,100,5,182
7430,100,5,182
7440,100,5,182
7450,100,5,182
7460,100,5,183
7470,100,5,183
7480,100,5,184
7490,100,5,184
7500,100,5,185
7510,100,5,185
7520,100,5,185
7530,100,5,185
7540,100,5,185
7550,100,5,185
7560,100,5,185
7570,100,5,185
7580,100,5,186
7590,100,5,186
7600,100,5,187
7610,100,5,187
7620,100,5,187
7630,100,5,187
7640,100,5,187
7650,100,5,187
7660,100,5,188
7670,100,5,188
7680,100,5,189
7690,100,5,189
7700,100,5,190
7710,100,5,190
7720,100,5,190
7730,100,5,190
7740,100,5,190
7750,100,5,190
7760,100,5,190
7770,100,5,190
7780,100,5,191
7790,100,5,191
7800,100,5,192
7810,100,5,192
7820,100,5,192
7830,100,5,192
7840,100,5,192
7850,100,5,192
7860,100,5,193
7870,100,5,193
7880,100,5,194
7890,100,5,194
7900,100,5,195
7910,100,5,195
7920,100,5,195
7930,100,5,195
7940,100,5,195
7950,100,5,195
7960,100,5,195
7970,100,5,195
7980,100,5,196
7990,100,5,196
8000,100,5,197
8010,100,5,197
8020,100,5,197
8030,100,5,197
8040,100,5,197
8050,100,5,197
8060,100,5,198
8070,100,5,198
8080,100,5,199
8090,100,5,199
8100,100,5,200
8110,100,5,200
8120,100,5,200
8130,100,5,200
8140,100,5,200
8150,100,5,200
8160,100,5,200
8170,100,5,200
8180,100,5,201
8190,100,5,201
8200,100,5,202
8210,100,5,202
8220,100,5,202
8230,100,5,202
8240,100,5,202
8250,100,5,202
8260,100,5,203
8270,100,5,203
8280,100,5,204
8290,100,5,204
8300,100,5,205
8310,100,5,205
8320,100,5,205
8330,100,5,205
8340,100,5,205
8350,100,5,205
8360,100,5,205
8370,100,5,205
8380,100,5,206
8390,100,5,206
8400,100,5,207
8410,100,5,207
8420,100,5,207
8430,100,5,207
8440,100,5,207
8450,100,5,207
8460,100,5,208
8470,100,5,208
8480,100,5,209
8490,100,5,209
8500,100,5,210
8510,100,5,210
8520,100,5,210
8530,100,5,210
8540,100,5,210
8550,100,5,210
8560,100,5,210
8570,100,5,210
8580,100,5,211
8590,100,5,211
8600,100,5,212
8610,100,5,212
8620,100,5,212
8630,100,5,212
8640,100,5,212
8650,100,5,212
8660,100,5,213
8670,100,5,213
8680,100,5,214
8690,100,5,214
8700,100,5,215
8710,100,5,215
8720,100,5,215
8730,100,5,215
8740,100,5,215
8750,100,5,215
8760,100,5,215
8770,100,5,215
8780,100,5,216
8790,100,5,216
8800,100,5,217
8810,100,5,217
8820,100,5,217
8830,100,5,217
8840,100,5,217
8850,100,5,217
8860,100,5,218
8870,100,5,218
8880,100,5,219
8890,100,5,219
8900,100,5,220
8910,100,5,220
8920,100,5,220
8930,100,5,220
8940,100,5,220
8950,100,5,220
8960,100,5,220
8970,100,5,220
8980,100,5,221
8990,100,5,221
9000,100,5,222
9010,100,5,222
9020,100,5,222
9030,100,5,222
9040,100,5,222
9050,100,5,222
9060,100,5,223
9070,100,5,223
9080,100,5,224
9090,100,5,224
9100,100,5,225
9110,100,5,225
9120,100,5,225
9130,100,5,225
9140,100,5,225
9150,100,5,225
9160,100,5,225
9170,100,5,225
9180,100,5,226
9190,100,5,226
9200,100,5,227
9210,100,5,227
9220,100,5,227
9230,100,5,227
9240,100,5,227
9250,100,5,227
9260,100,5,228
9270,100,5,228
9280,100,5,229
9290,100,5,229
9300,100,5,230
9310,100,5,230
9320,100,5,230
9330,100,5,230
9340,100,5,230
9350,100,5,230
9360,100,5,230
9370,100,5,230
9380,100,5,231
9390,100,5,231
9400,100,5,232
9410,100,5,232
9420,100,5,232
9430,100,5,232
9440,100,5,232
9450,100,5,232
9460,100,5,233
9470,100,5,233
9480,100,5,234
9490,100,5,234
9500,100,5,235
9510,100,5,235
9520,100,5,235
9530,100,5,235
9540,100,5,235
9550,100,5,235
9560,100,5,235
9570,100,5,235
9580,100,5,236
9590,100,5,236
9600,100,5,237
9610,100,5,237
9620,100,5,237
9630,100,5,237
9640,100,5,237
9650,100,5,237
9660,100,5,238
9670,100,5,238
9680,100,5,239
9690,100,5,239
9700,100,5,240
9710,100,5,240
9720,100,5,240
9730,100,5,240
9740,100,5,240
9750,100,5,240
9760,100,5,240
9770,100,5,240
9780,100,5,241
9790,100,5,241
9800,100,5,242
9810,100,5,242
9820,100,5,242
9830,100,5,242
9840,100,5,242
9850,100,5,242
9860,100,5,243
9870,100,5,243
9880,100,5,244
9890,100,5,244
9900,100,5,245
9910,100,5,245
9920,100,5,245
9930,100,5,245
9940,100,5,245
9950,100,5,245
9960,100,5,245
9970,100,5,245
9980,100,5,246
9990,100,5,246
10000,100,5,247
10010,100,5,247
10020,100,5,247
10030,100,5,247
10040,100,5,247
10050,100,5,247
10060,100,5,248
10070,100,5,248
10080,100,5,249
10090,100,5,249
10100,100,5,250
10110,100,5,250
10120,100,5,250
10130,100,5,250
10140,100,5,250
10150,100,5,250
10160,100,5,250
10170,100,5,250
10180,100,5,251
10190,100,5,251
10200,100,5,252
10210,100,5,252
10220,100,5,252
10230,100,5,252
10240,100,5,252
10250,100,5,252
10260,100,5,253
10270,100,5,253
10280,100,5,254
10290,100,5,254
10300,100,5,255
10310,100,5,255
10320,100,5,255
10330,100,5,255
10340,100,5,255
10350,100,5,255
10360,100,5,255
10370,100,5,255
10380,100,5,256
10390,100,5,256
10400,100,5,257
10410,100,5,257
10420,100,5,257
10430,100,5,257
10440,100,5,257
10450,100,5,257
10460,100,5,258
10470,100,5,258
10480,100,5,259
10490,100,5,259
10500,100,5,260
10510,100,5,260
10520,100,5,260
10530,100,5,260
10540,100,5,260
10550,100,5,260
10560,100,5,260
10570,100,5,260
10580,100,5,261
10590,100,5,261
10600,100,5,262
10610,100,5,262
10620,100,5,262
10630,100,5,262
10640,100,5,262
10650,100,5,262
10660,100,5,263
10670,100,5,263
10680,100,5,264
10690,100,5,264
10700,100,5,265
10710,100,5,265
10720,100,5,265
10730,100,5,265
10740,100,5,265
10750,100,5,265
10760,100,5,265
10770,100,5,265
10780,100,5,266
10790,100,5,266
10800,100,5,267
10810,100,5,267
10820,100,5,267
10830,100,5,267
10840,100,5,267
10850,100,5,267
10860,100,5,268
10870,100,5,268
10880,100,5,269
10890,100,5,269
10900,100,5,270
10910,100,5,270
10920,100,5,270
10930,100,5,270
10940,100,5,270
10950,100,5,270
10960,100,5,270
10970,100,5,270
10980,100,5,271
10990,100,5,271
11000,100,5,272
11010,100,5,272
11020,100,5,272
11030,100,5,272
11040,100,5,272
11050,100,5,272
11060,100,5,273
11070,100,5,273
11080,100,5,274
11090,100,5,274
11100,100,5,275
11110,100,5,275
11120,100,5,275
11130,100,5,275
11140,100,5,275
11150,100,5,275
11160,100,5,275
11170,100,5,275
11180,100,5,276
11190,100,5,276
11200,100,5,277
11210,100,5,277
11220,100,5,277
11230,100,5,277
11240,100,5,277
11250,100,5,277
11260,100,5,278
11270,100,5,278
11280,100,5,279
11290,100,5,279
11300,100,5,280
11310,100,5,280
11320,100,5,280
11330,100,5,280
11340,100,5,280
11350,100,5,280
11360,100,5,280
11370,100,5,280
11380,100,5,281
11390,100,5,281
11400,100,5,282
11410,100,5,282
11420,100,5,282
11430,100,5,282
11440,100,5,282
11450,100,5,282
11460,100,5,283
11470,100,5,283
11480,100,5,284
11490,100,5,284
11500,100,5,285
11510,100,5,285
11520,100,5,285
11530,100,5,285
11540,100,5,285
11550,100,5,285
11560,100,5,285
11570,100,5,285
11580,100,5,286
11590,100,5,286
11600,100,5,287
11610,100,5,287
11620,100,5,287
11630,100,5,287
11640,100,5,287
11650,100,5,287
11660,100,5,288
11670,100,5,288
11680,100,5,289
11690,100,5,289
11700,100,5,290
11710,100,5,290
11720,100,5,290
11730,100,5,290
11740,100,5,290
11750,100,5,290
11760,100,5,290
11770,100,5,290
11780,100,5,291
11790,100,5,291
11800,100,5,292
11810,100,5,292
11820,100,5,292
11830,100,5,292
11840,100,5,292
11850,100,5,292
11860,100,5,293
11870,100,5,293
11880,100,5,294
11890,100,5,294
11900,100,5,295
11910,100,5,295
11920,100,5,295
11930,100,5,295
11940,100,5,295
11950,100,5,295
11960,100,5,295
11970,100,5,295
11980,100,5,296
11990,100,5,296
12000,100,5,297
12010,100,5,297
12020,100,5,297
12030,100,5,297
12040,100,5,297
12050,100,5,297
12060,100,5,298
12070,100,5,298
12080,100,5,299
12090,100,5,299
12100,100,5,300
12110,100,5,300
12120,100,5,300
12130,100,5,300
12140,100,5,300
12150,100,5,300
12160,100,5,300
12170,100,5,300
12180,100,5,301
12190,100,5,301
12200,100,5,302
12210,100,5,302
12220,100,5,302
12230,100,5,302
12240,100,5,302
12250,100,5,302
12260,100,5,303
12270,100,5,303
12280,100,5,304
12290,100,5,304
12300,100,5,305
12310,100,5,305
12320,100,5,305
12330,100,5,305
12340,100,5,305
12350,100,5,305
12360,100,5,305
12370,100,5,305
12380,100,5,306
12390,100,5,306
12400,100,5,307
12410,100,5,307
12420,100,5,307
12430,100,5,307
12440,100,5,307
12450,100,5,307
12460,100,5,308
12470,100,5,308
12480,100,5,309
12490,100,5,309
12500,100,5,310
12510,100,5,310
12520,100,5,310
12530,100,5,310
12540,100,5,310
12550,100,5,310
12560,100,5,310
12570,100,5,310
12580,100,5,311
12590,100,5,311
12600,100,5,312
12610,100,5,312
12620,100,5,312
12630,100,5,312
12640,100,5,312
12650,100,5,312
12660,100,5,313
12670,100,5,313
12680,100,5,314
12690,100,5,314
12700,100,5,315
12710,100,5,315
12720,100,5,315
12730,100,5,315
12740,100,5,315
12750,100,5,315
12760,100,5,315
12770,100,5,315
12780,100,5,316
12790,100,5,316
12800,100,5,317
12810,100,5,317
12820,100,5,317
12830,100,5,317
12840,100,5,317
12850,100,5,317
12860,100,5,318
12870,100,5,318
12880,100,5,319
12890,100,5,319
12900,100,5,320
12910,100,5,320
12920,100,5,320
12930,100,5,320
12940,100,5,320
12950,100,5,320
12960,100,5,320
12970,100,5,320
12980,100,5,321
12990,100,5,321
13000,100,5,322
13010,100,5,322
13020,100,5,322
13030,100,5,322
13040,100,5,322
13050,100,5,322
13060,100,5,323
13070,100,5,323
13080,100,5,324
13090,100,5,324
13100,100,5,325
13110,100,5,325
13120,100,5,325
13130,100,5,325
13140,100,5,325
13150,100,5,325
13160,100,5,325
13170,100,5,325
13180,100,5,326
13190,100,5,326
13200,100,5,327
13210,100,5,327
13220,100,5,327
13230,100,5,327
13240,100,5,327
13250,100,5,327
13260,100,5,328
13270,100,5,328
13280,100,5,329
13290,100,5,329
13300,100,5,330
13310,100,5,330
13320,100,5,330
13330,100,5,330
13340,100,5,330
13350,100,5,330
13360,100,5,330
13370,100,5,330
13380,100,5,331
13390,100,5,331
13400,100,5,332
13410,100,5,332
13420,100,5,332
13430,100,5,332
13440,100,5,332
13450,100,5,332
13460,100,5,333
13470,100,5,333
13480,100,5,334
13490,100,5,334
13500,100,5,335
13510,100,5,335
13520,100,5,335
13530,100,5,335
13540,100,5,335
13550,100,5,335
13560,100,5,335
13570,100,5,335
13580,100,5,336
13590,100,5,336
13600,100,5,337
13610,100,5,337
13620,100,5,337
13630,100,5,337
13640,100,5,337
13650,100,5,337
13660,100,5,338
13670,100,5,338
13680,100,5,339
13690,100,5,339
13700,100,5,340
13710,100,5,340
13720,100,5,340
13730,100,5,340
13740,100,5,340
13750,100,5,340
13760,100,5,340
13770,100,5,340
13780,100,5,341
13790,100,5,341
13800,100,5,342
13810,100,5,342
13820,100,5,342
13830,100,5,342
13840,100,5,342
13850,100,5,342
13860,100,5,343
13870,100,5,343
13880,100,5,344
13890,100,5,344
13900,100,5,345
13910,100,5,345
13920,100,5,345
13930,100,5,345
13940,100,5,345
13950,100,5,345
13960,100,5,345
13970,100,5,345
13980,100,5,346
13990,100,5,346
14000,100,5,347
14010,100,5,347
14020,100,5,347
14030,100,5,347
14040,100,5,347
14050,100,5,347
14060,100,5,348
14070,100,5,348
14080,100,5,349
14090,100,5,349
14100,100,5,350
14110,100,5,350
14120,100,5,350
14130,100,5,350
14140,100,5,350
14150,100,5,350
14160,100,5,350
14170,100,5,350
14180,100,5,351
14190,100,5,351
14200,100,5,352
14210,100,5,352
14220,100,5,352
14230,100,5,352
14240,100,5,352
14250,100,5,352
14260,100,5,353
14270,100,5,353
14280,100,5,354
14290,100,5,354
14300,100,5,355
14310,100,5,355
14320,100,5,355
14330,100,5,355
14340,100,5,355
14350,100,5,355
14360,100,5,355
14370,100,5,355
14380,100,5,356
14390,100,5,356
14400,100,5,357
14410,100,5,357
14420,100,5,357
14430,100,5,357
14440,100,5,357
14450,100,5,357
14460,100,5,358
14470,100,5,358
14480,100,5,359
14490,100,5,359
14500,100,5,360
14510,100,5,360
14520,100,5,360
14530,100,5,360
14540,100,5,360
14550,100,5,360
14560,100,5,360
14570,100,5,360
14580,100,5,361
14590,100,5,361
14600,100,5,362
14610,100,5,362
14620,100,5,362
14630,100,5,362
14640,100,5,362
14650,100,5,362
14660,100,5,363
14670,100,5,363
14680,100,5,364
14690,100,5,364
14700,100,5,365
14710,100,5,365
14720,100,5,365
14730,100,5,365
14740,100,5,365
14750,100,5,365
14760,100,5,365
14770,100,5,365
14780,100,5,366
14790,100,5,366
14800,100,5,367
14810,100,5,367
14820,100,5,367
14830,100,5,367
14840,100,5,367
14850,100,5,367
14860,100,5,368
14870,100,5,368
14880,100,5,369
14890,100,5,369
14900,100,5,370
14910,100,5,370
14920,100,5,370
14930,100,5,370
14940,100,5,370
14950,100,5,370
14960,100,5,370
14970,100,5,370
14980,100,5,371
14990,100,5,371
15000,100,5,372
15010,100,5,372
15020,100,5,372
15030,100,5,372
15040,100,5,372
15050,100,5,372
15060,100,5,373
15070,100,5,373
15080,100,5,374
15090,100,5,374
15100,100,5,375
15110,100,5,375
15120,100,5,375
15130,100,5,375
15140,100,5,375
15150,100,5,375
15160,100,5,375
15170,100,5,375
15180,100,5,376
15190,100,5,376
15200,100,5,377
15210,100,5,377
15220,100,5,377
15230,100,5,377
15240,100,5,377
15250,100,5,377
15260,100,5,378
15270,100,5,378
15280,100,5,379
15290,100,5,379
15300,100,5,380
15310,100,5,380
15320,100,5,380
15330,100,5,380
15340,100,5,380
15350,100,5,380
15360,100,5,380
15370,100,5,380
15380,100,5,381
15390,100,5,381
15400,100,5,382
15410,100,5,382
15420,100,5,382
15430,100,5,382
15440,100,5,382
15450,100,5,382
15460,100,5,383
15470,100,5,383
15480,100,5,384
15490,100,5,384
15500,100,5,385
15510,100,5,385
15520,100,5,385
15530,100,5,385
15540,100,5,385
15550,100,5,385
15560,100,5,385
15570,100,5,385
15580,100,5,386
15590,100,5,386
15600,100,5,387
15610,100,5,387
15620,100,5,387
15630,100,5,387
15640,100,5,387
15650,100,5,387
15660,100,5,388
15670,100,5,388
15680,100,5,389
15690,100,5,389
15700,100,5,390
15710,100,5,390
15720,100,5,390
15730,100,5,390
15740,100,5,390
15750,100,5,390
15760,100,5,390
15770,100,5,390
15780,100,5,391
15790,100,5,391
15800,100,5,392
15810,100,5,392
15820,100,5,392
15830,100,5,392
15840,100,5,392
15850,100,5,392
15860,100,5,393
15870,100,5,393
15880,100,5,394
15890,100,5,394
15900,100,5,395
15910,100,5,395
15920,100,5,395
15930,100,5,395
15940,100,5,395
15950,100,5,395
15960,100,5,395
15970,100,5,395
15980,100,5,396
15990,100,5,396
16000,100,5,397
16010,100,5,397
16020,100,5,397
16030,100,5,397
16040,100,5,397
16050,100,5,397
16060,100,5,398
16070,100,5,398
16080,100,5,399
16090,100,5,399
16100,100,5,400
16110,100,5,400
16120,100,5,400
16130,100,5,400
16140,100,5,400
16150,100,5,400
16160,100,5,400
16170,100,5,400
16180,100,5,401
16190,100,5,401
16200,100,5,402
16210,100,5,402
16220,100,5,402
16230,100,5,402
16240,100,5,402
16250,100,5,402
16260,100,5,403
16270,100,5,403
16280,100,5,404
16290,100,5,404
16300,100,5,405
16310,100,5,405
16320,100,5,405
16330,100,5,405
16340,100,5,405
16350,100,5,405
16360,100,5,405
16370,100,5,405
16380,100,5,406
16390,100,5,406
16400,100,5,407
16410,100,5,407
16420,100,5,407
16430,100,5,407
16440,100,5,407
16450,100,5,407
16460,100,5,408
16470,100,5,408
16480,100,5,409
16490,100,5,409
16500,100,5,410
16510,100,5,410
16520,100,5,410
16530,100,5,410
16540,100,5,410
16550,100,5,410
16560,100,5,410
16570,100,5,410
16580,100,5,411
16590,100,5,411
16600,100,5,412
16610,100,5,412
16620,100,5,412
16630,100,5,412
16640,100,5,412
16650,100,5,412
16660,100,5,413
16670,100,5,413
16680,100,5,414
16690,100,5,414
16700,100,5,415
16710,100,5,415
16720,100,5,415
16730,100,5,415
16740,100,5,415
16750,100,5,415
16760,100,5,415
16770,100,5,415
16780,100,5,416
16790,100,5,416
16800,100,5,417
16810,100,5,417
16820,100,5,417
16830,100,5,417
16840,100,5,417
16850,100,5,417
16860,100,5,418
16870,100,5,418
16880,100,5,419
16890,100,5,419
16900,100,5,420
16910,100,5,420
16920,100,5,420
16930,100,5,420
16940,100,5,420
16950,100,5,420
16960,100,5,420
16970,100,5,420
16980,100,5,421
16990,100,5,421
17000,100,5,422
17010,100,5,422
17020,100,5,422
17030,100,5,422
17040,100,5,422
17050,100,5,422
17060,100,5,423
17070,100,5,423
17080,100,5,424
17090,100,5,424
17100,100,5,425
17110,100,5,425
17120,100,5,425
17130,100,5,425
17140,100,5,425
17150,100,5,425
17160,100,5,425
17170,100,5,425
17180,100,5,426
17190,100,5,426
17200,100,5,427
17210,100,5,427
17220,100,5,427
17230,100,5,427
17240,100,5,427
17250,100,5,427
17260,100,5,428
17270,100,5,428
17280,100,5,429
17290,100,5,429
17300,100,5,430
17310,100,5,430
17320,100,5,430
17330,100,5,430
17340,100,5,430
17350,100,5,430
17360,100,5,430
17370,100,5,430
17380,100,5,431
17390,100,5,431
17400,100,5,432
17410,100,5,432
17420,100,5,432
17430,100,5,432
17440,100,5,432
17450,100,5,432
17460,100,5,433
17470,100,5,433
17480,100,5,434
17490,100,5,434
17500,100,5,435
17510,100,5,435
17520,100,5,435
17530,100,5,435
17540,100,5,435
17550,100,5,435
17560,100,5,435
17570,100,5,435
17580,100,5,436
17590,100,5,436
17600,100,5,437
17610,100,5,437
17620,100,5,437
17630,100,5,437
17640,100,5,437
17650,100,5,437
17660,100,5,438
17670,100,5,438
17680,100,5,439
17690,100,5,439
17700,100,5,440
17710,100,5,440
17720,100,5,440
17730,100,5,440
17740,100,5,440
17750,100,5,440
17760,100,5,440
17770,100,5,440
17780,100,5,441
17790,100,5,441
17800,100,5,442
17810,100,5,442
17820,100,5,442
17830,100,5,442
17840,100,5,442
17850,100,5,442
17860,100,5,443
17870,100,5,443
17880,100,5,444
17890,100,5,444
17900,100,5,445
17910,100,5,445
17920,100,5,445
17930,100,5,445
17940,100,5,445
17950,100,5,445
17960,100,5,445
17970,100,5,445
17980,100,5,446
17990,100,5,446
18000,100,5,447
18010,100,5,447
18020,100,5,447
18030,100,5,447
18040,100,5,447
18050,100,5,447
18060,100,5,448
18070,100,5,448
18080,100,5,449
18090,100,5,449
18100,100,5,450
18110,100,5,450
18120,100,5,450
18130,100,5,450
18140,100,5,450
18150,100,5,450
18160,100,5,450
18170,100,5,450
18180,100,5,451
18190,100,5,451
18200,100,5,452
18210,100,5,452
18220,100,5,452
18230,100,5,452
18240,100,5,452
18250,100,5,452
18260,100,5,453
18270,100,5,453
18280,100,5,454
18290,100,5,454
18300,100,5,455
18310,100,5,455
18320,100,5,455
18330,100,5,455
18340,100,5,455
18350,100,5,455
18360,100,5,455
18370,100,5,455
18380,100,5,456
18390,100,5,456
18400,100,5,457
18410,100,5,457
18420,100,5,457
18430,100,5,457
18440,100,5,457
18450,100,5,457
18460,100,5,458
18470,100,5,458
18480,100,5,459
18490,100,5,459
18500,100,5,460
18510,100,5,460
18520,100,5,460
18530,100,5,460
18540,100,5,460
18550,100,5,460
18560,100,5,460
18570,100,5,460
18580,100,5,461
18590,100,5,461
18600,100,5,462
18610,100,5,462
18620,100,5,462
18630,100,5,462
18640,100,5,462
18650,100,5,462
18660,100,5,463
18670,100,5,463
18680,100,5,464
18690,100,5,464
18700,100,5,465
18710,100,5,465
18720,100,5,465
18730,100,5,465
18740,100,5,465
18750,100,5,465
18760,100,5,465
18770,100,5,465
18780,100,5,466
18790,100,5,466
18800,100,5,467
18810,100,5,467
18820,100,5,467
18830,100,5,467
18840,100,5,467
18850,100,5,467
18860,100,5,468
18870,100,5,468
18880,100,5,469
18890,100,5,469
18900,100,5,470
18910,100,5,470
18920,100,5,470
18930,100,5,470
18940,100,5,470
18950,100,5,470
18960,100,5,470
18970,100,5,470
18980,100,5,471
18990,100,5,471
19000,100,5,472
19010,100,5,472
19020,100,5,472
19030,100,5,472
19040,100,5,472
19050,100,5,472
19060,100,5,473
19070,100,5,473
19080,100,5,474
19090,100,5,474
19100,100,5,475
19110,100,5,475
19120,100,5,475
19130,100,5,475
19140,100,5,475
19150,100,5,475
19160,100,5,475
19170,100,5,475
19180,100,5,476
19190,100,5,476
19200,100,5,477
19210,100,5,477
19220,100,5,477
19230,100,5,477
19240,100,5,477
19250,100,5,477
19260,100,5,478
19270,100,5,478
19280,100,5,479
19290,100,5,479
19300,100,5,480
19310,100,5,480
19320,100,5,480
19330,100,5,480
19340,100,5,480
19350,100,5,480
19360,100,5,480
19370,100,5,480
19380,100,5,481
19390,100,5,481
19400,100,5,482
19410,100,5,482
19420,100,5,482
19430,100,5,482
19440,100,5,482
19450,100,5,482
19460,100,5,483
19470,100,5,483
19480,100,5,484
19490,100,5,484
19500,100,5,485
19510,100,5,485
19520,100,5,485
19530,100,5,485
19540,100,5,485
19550,100,5,485
19560,100,5,485
19570,100,5,485
19580,100,5,486
19590,100,5,486
19600,100,5,487
19610,100,5,487
19620,100,5,487
19630,100,5,487
19640,100,5,487
19650,100,5,487
19660,100,5,488
19670,100,5,488
19680,100,5,489
19690,100,5,489
19700,100,5,490
19710,100,5,490
19720,100,5,490
19730,100,5,490
19740,100,5,490
19750,100,5,490
19760,100,5,490
19770,100,5,490
19780,100,5,491
19790,100,5,491
19800,100,5,492
19810,100,5,492
19820,100,5,492
19830,100,5,492
19840,100,5,492
19850,100,5,492
19860,100,5,493
19870,100,5,493
19880,100,5,494
19890,100,5,494
19900,100,5,495
19910,100,5,495
19920,100,5,495
19930,100,5,495
19940,100,5,495
19950,100,5,495
19960,100,5,495
19970,100,5,495
19980,100,5,496
19990,100,5,496
20000,100,5,496
20010,100,5,496
20020,100,5,495
20030,100,5,495
20040,100,5,494
20050,100,5,494
20060,100,5,494
20070,100,5,494
20080,100,5,494
20090,100,5,494
20100,100,5,494
20110,100,5,494
20120,100,5,493
20130,100,5,493
20140,100,5,492
20150,100,5,492
20160,100,5,491
20170,100,5,491
20180,100,5,491
20190,100,5,491
20200,100,5,491
20210,100,5,491
20220,100,5,490
20230,100,5,490
20240,100,5,489
20250,100,5,489
20260,100,5,489
20270,100,5,489
20280,100,5,489
20290,100,5,489
20300,100,5,489
20310,100,5,489
20320,100,5,488
20330,100,5,488
20340,100,5,487
20350,100,5,487
20360,100,5,486
20370,100,5,486
20380,100,5,486
20390,100,5,486
20400,100,5,486
20410,100,5,486
20420,100,5,485
20430,100,5,485
20440,100,5,484
20450,100,5,484
20460,100,5,484
20470,100,5,484
20480,100,5,484
20490,100,5,484
20500,100,5,484
20510,100,5,484
20520,100,5,483
20530,100,5,483
20540,100,5,482
20550,100,5,482
20560,100,5,481
20570,100,5,481
20580,100,5,481
20590,100,5,481
20600,100,5,481
20610,100,5,481
20620,100,5,480
20630,100,5,480
20640,100,5,479
20650,100,5,479
20660,100,5,479
20670,100,5,479
20680,100,5,479
20690,100,5,479
20700,100,5,479
20710,100,5,479
20720,100,5,478
20730,100,5,478
20740,100,5,477
20750,100,5,477
20760,100,5,476
20770,100,5,476
20780,100,5,476
20790,100,5,476
20800,100,5,476
20810,100,5,476
20820,100,5,475
20830,100,5,475
20840,100,5,474
20850,100,5,474
20860,100,5,474
20870,100,5,474
20880,100,5,474
20890,100,5,474
20900,100,5,474
20910,100,5,474
20920,100,5,473
20930,100,5,473
20940,100,5,472
20950,100,5,472
20960,100,5,471
20970,100,5,471
20980,100,5,471
20990,100,5,471
21000,100,5,471
21010,100,5,471
21020,100,5,470
21030,100,5,470
21040,100,5,469
21050,100,5,469
21060,100,5,469
21070,100,5,469
21080,100,5,469
21090,100,5,469
21100,100,5,469
21110,100,5,469
21120,100,5,468
21130,100,5,468
21140,100,5,467
21150,100,5,467
21160,100,5,466
21170,100,5,466
21180,100,5,466
21190,100,5,466
21200,100,5,466
21210,100,5,466
21220,100,5,465
21230,100,5,465
21240,100,5,464
21250,100,5,464
21260,100,5,464
21270,100,5,464
21280,100,5,464
21290,100,5,464
21300,100,5,464
21310,100,5,464
21320,100,5,463
21330,100,5,463
21340,100,5,462
21350,100,5,462
21360,100,5,461
21370,100,5,461
21380,100,5,461
21390,100,5,461
21400,100,5,461
21410,100,5,461
21420,100,5,460
21430,100,5,460
21440,100,5,459
21450,100,5,459
21460,100,5,459
21470,100,5,459
21480,100,5,459
21490,100,5,459
21500,100,5,459
21510,100,5,459
21520,100,5,458
21530,100,5,458
21540,100,5,457
21550,100,5,457
21560,100,5,456
21570,100,5,456
21580,100,5,456
21590,100,5,456
21600,100,5,456
21610,100,5,456
21620,100,5,455
21630,100,5,455
21640,100,5,454
21650,100,5,454
21660,100,5,454
21670,100,5,454
21680,100,5,454
21690,100,5,454
21700,100,5,454
21710,100,5,454
21720,100,5,453
21730,100,5,453
21740,100,5,452
21750,100,5,452
21760,100,5,451
21770,100,5,451
21780,100,5,451
21790,100,5,451
21800,100,5,451
21810,100,5,451
21820,100,5,450
21830,100,5,450
21840,100,5,449
21850,100,5,449
21860,100,5,449
21870,100,5,449
21880,100,5,449
21890,100,5,449
21900,100,5,449
21910,100,5,449
21920,100,5,448
21930,100,5,448
21940,100,5,447
21950,100,5,447
21960,100,5,446
21970,100,5,446
21980,100,5,446
21990,100,5,446
22000,100,5,446
22010,100,5,446
22020,100,5,445
22030,100,5,445
22040,100,5,444
22050,100,5,444
22060,100,5,444
22070,100,5,444
22080,100,5,444
22090,100,5,444
22100,100,5,444
22110,100,5,444
22120,100,5,443
22130,100,5,443
22140,100,5,442
22150,100,5,442
22160,100,5,441
22170,100,5,441
22180,100,5,441
22190,100,5,441
22200,100,5,441
22210,100,5,441
22220,100,5,440
22230,100,5,440
22240,100,5,439
22250,100,5,439
22260,100,5,439
22270,100,5,439
22280,100,5,439
22290,100,5,439
22300,100,5,439
22310,100,5,439
22320,100,5,438
22330,100,5,438
22340,100,5,437
22350,100,5,437
22360,100,5,436
22370,100,5,436
22380,100,5,436
22390,100,5,436
22400,100,5,436
22410,100,5,436
22420,100,5,435
22430,100,5,435
22440,100,5,434
22450,100,5,434
22460,100,5,434
22470,100,5,434
22480,100,5,434
22490,100,5,434
22500,100,5,434
22510,100,5,434
22520,100,5,433
22530,100,5,433
22540,100,5,432
22550,100,5,432
22560,100,5,431
22570,100,5,431
22580,100,5,431
22590,100,5,431
22600,100,5,431
22610,100,5,431
22620,100,5,430
22630,100,5,430
22640,100,5,429
22650,100,5,429
22660,100,5,429
22670,100,5,429
22680,100,5,429
22690,100,5,429
22700,100,5,429
22710,100,5,429
22720,100,5,428
22730,100,5,428
22740,100,5,427
22750,100,5,427
22760,100,5,426
22770,100,5,426
22780,100,5,426
22790,100,5,426
22800,100,5,426
22810,100,5,426
22820,100,5,425
22830,100,5,425
22840,100,5,424
22850,100,5,424
22860,100,5,424
22870,100,5,424
22880,100,5,424
22890,100,5,424
22900,100,5,424
22910,100,5,424
22920,100,5,423
22930,100,5,423
22940,100,5,422
22950,100,5,422
22960,100,5,421
22970,100,5,421
22980,100,5,421
22990,100,5,421
23000,100,5,421
23010,100,5,421
23020,100,5,420
23030,100,5,420
23040,100,5,419
23050,100,5,419
23060,100,5,419
23070,100,5,419
23080,100,5,419
23090,100,5,419
23100,100,5,419
23110,100,5,419
23120,100,5,418
23130,100,5,418
23140,100,5,417
23150,100,5,417
23160,100,5,416
23170,100,5,416
23180,100,5,416
23190,100,5,416
23200,100,5,416
23210,100,5,416
23220,100,5,415
23230,100,5,415
23240,100,5,414
23250,100,5,414
23260,100,5,414
23270,100,5,414
23280,100,5,414
23290,100,5,414
23300,100,5,414
23310,100,5,414
23320,100,5,413
23330,100,5,413
23340,100,5,412
23350,100,5,412
23360,100,5,411
23370,100,5,411
23380,100,5,411
23390,100,5,411
23400,100,5,411
23410,100,5,411
23420,100,5,410
23430,100,5,410
23440,100,5,409
23450,100,5,409
23460,100,5,409
23470,100,5,409
23480,100,5,409
23490,100,5,409
23500,100,5,409
23510,100,5,409
23520,100,5,408
23530,100,5,408
23540,100,5,407
23550,100,5,407
23560,100,5,406
23570,100,5,406
23580,100,5,406
23590,100,5,406
23600,100,5,406
23610,100,5,406
23620,100,5,405
23630,100,5,405
23640,100,5,404
23650,100,5,404
23660,100,5,404
23670,100,5,404
23680,100,5,404
23690,100,5,404
23700,100,5,404
23710,100,5,404
23720,100,5,403
23730,100,5,403
23740,100,5,402
23750,100,5,402
23760,100,5,401
23770,100,5,401
23780,100,5,401
23790,100,5,401
23800,100,5,401
23810,100,5,401
23820,100,5,400
23830,100,5,400
23840,100,5,399
23850,100,5,399
23860,100,5,399
23870,100,5,399
23880,100,5,399
23890,100,5,399
23900,100,5,399
23910,100,5,399
23920,100,5,398
23930,100,5,398
23940,100,5,397
23950,100,5,397
23960,100,5,396
23970,100,5,396
23980,100,5,396
23990,100,5,396
24000,100,5,396
24010,100,5,396
24020,100,5,395
24030,100,5,395
24040,100,5,394
24050,100,5,394
24060,100,5,394
24070,100,5,394
24080,100,5,394
24090,100,5,394
24100,100,5,394
24110,100,5,394
24120,100,5,393
24130,100,5,393
24140,100,5,392
24150,100,5,392
24160,100,5,391
24170,100,5,391
24180,100,5,391
24190,100,5,391
24200,100,5,391
24210,100,5,391
24220,100,5,390
24230,100,5,390
24240,100,5,389
24250,100,5,389
24260,100,5,389
24270,100,5,389
24280,100,5,389
24290,100,5,389
24300,100,5,389
24310,100,5,389
24320,100,5,388
24330,100,5,388
24340,100,5,387
24350,100,5,387
24360,100,5,386
24370,100,5,386
24380,100,5,386
24390,100,5,386
24400,100,5,386
24410,100,5,386
24420,100,5,385
24430,100,5,385
24440,100,5,384
24450,100,5,384
24460,100,5,384
24470,100,5,384
24480,100,5,384
24490,100,5,384
24500,100,5,384
24510,100,5,384
24520,100,5,383
24530,100,5,383
24540,100,5,382
24550,100,5,382
24560,100,5,381
24570,100,5,381
24580,100,5,381
24590,100,5,381
24600,100,5,381
24610,100,5,381
24620,100,5,380
24630,100,5,380
24640,100,5,379
24650,100,5,379
24660,100,5,379
24670,100,5,379
24680,100,5,379
24690,100,5,379
24700,100,5,379
24710,100,5,379
24720,100,5,378
24730,100,5,378
24740,100,5,377
24750,100,5,377
24760,100,5,376
24770,100,5,376
24780,100,5,376
24790,100,5,376
24800,100,5,376
24810,100,5,376
24820,100,5,375
24830,100,5,375
24840,100,5,374
24850,100,5,374
24860,100,5,374
24870,100,5,374
24880,100,5,374
24890,100,5,374
24900,100,5,374
24910,100,5,374
24920,100,5,373
24930,100,5,373
24940,100,5,372
24950,100,5,372
24960,100,5,371
24970,100,5,371
24980,100,5,371
24990,100,5,371
25000,100,5,371
25010,100,5,371
25020,100,5,370
25030,100,5,370
25040,100,5,369
25050,100,5,369
25060,100,5,369
25070,100,5,369
25080,100,5,369
25090,100,5,369
25100,100,5,369
25110,100,5,369
25120,100,5,368
25130,100,5,368
25140,100,5,367
25150,100,5,367
25160,100,5,366
25170,100,5,366
25180,100,5,366
25190,100,5,366
25200,100,5,366
25210,100,5,366
25220,100,5,365
25230,100,5,365
25240,100,5,364
25250,100,5,364
25260,100,5,364
25270,100,5,364
25280,100,5,364
25290,100,5,364
25300,100,5,364
25310,100,5,364
25320,100,5,363
25330,100,5,363
25340,100,5,362
25350,100,5,362
25360,100,5,361
25370,100,5,361
25380,100,5,361
25390,100,5,361
25400,100,5,361
25410,100,5,361
25420,100,5,360
25430,100,5,360
25440,100,5,359
25450,100,5,359
25460,100,5,359
25470,100,5,359
25480,100,5,359
25490,100,5,359
25500,100,5,359
25510,100,5,359
25520,100,5,358
25530,100,5,358
25540,100,5,357
25550,100,5,357
25560,100,5,356
25570,100,5,356
25580,100,5,356
25590,100,5,356
25600,100,5,356
25610,100,5,356
25620,100,5,355
25630,100,5,355
25640,100,5,354
25650,100,5,354
25660,100,5,354
25670,100,5,354
25680,100,5,354
25690,100,5,354
25700,100,5,354
25710,100,5,354
25720,100,5,353
25730,100,5,353
25740,100,5,352
25750,100,5,352
25760,100,5,351
25770,100,5,351
25780,100,5,351
25790,100,5,351
25800,100,5,351
25810,100,5,351
25820,100,5,350
25830,100,5,350
25840,100,5,349
25850,100,5,349
25860,100,5,349
25870,100,5,349
25880,100,5,349
25890,100,5,349
25900,100,5,349
25910,100,5,349
25920,100,5,348
25930,100,5,348
25940,100,5,347
25950,100,5,347
25960,100,5,346
25970,100,5,346
25980,100,5,346
25990,100,5,346
26000,100,5,346
26010,100,5,346
26020,100,5,345
26030,100,5,345
26040,100,5,344
26050,100,5,344
26060,100,5,344
26070,100,5,344
26080,100,5,344
26090,100,5,344
26100,100,5,344
26110,100,5,344
26120,100,5,343
26130,100,5,343
26140,100,5,342
26150,100,5,342
26160,100,5,341
26170,100,5,341
26180,100,5,341
26190,100,5,341
26200,100,5,341
26210,100,5,341
26220,100,5,340
26230,100,5,340
26240,100,5,339
26250,100,5,339
26260,100,5,339
26270,100,5,339
26280,100,5,339
26290,100,5,339
26300,100,5,339
26310,100,5,339
26320,100,5,338
26330,100,5,338
26340,100,5,337
26350,100,5,337
26360,100,5,336
26370,100,5,336
26380,100,5,336
26390,100,5,336
26400,100,5,336
26410,100,5,336
26420,100,5,335
26430,100,5,335
26440,100,5,334
26450,100,5,334
26460,100,5,334
26470,100,5,334
26480,100,5,334
26490,100,5,334
26500,100,5,334
26510,100,5,334
26520,100,5,333
26530,100,5,333
26540,100,5,332
26550,100,5,332
26560,100,5,331
26570,100,5,331
26580,100,5,331
26590,100,5,331
26600,100,5,331
26610,100,5,331
26620,100,5,330
26630,100,5,330
26640,100,5,329
26650,100,5,329
26660,100,5,329
26670,100,5,329
26680,100,5,329
26690,100,5,329
26700,100,5,329
26710,100,5,329
26720,100,5,328
26730,100,5,328
26740,100,5,327
26750,100,5,327
26760,100,5,326
26770,100,5,326
26780,100,5,326
26790,100,5,326
26800,100,5,326
26810,100,5,326
26820,100,5,325
26830,100,5,325
26840,100,5,324
26850,100,5,324
26860,100,5,324
26870,100,5,324
26880,100,5,324
26890,100,5,324
26900,100,5,324
26910,100,5,324
26920,100,5,323
26930,100,5,323
26940,100,5,322
26950,100,5,322
26960,100,5,321
26970,100,5,321
26980,100,5,321
26990,100,5,321
27000,100,5,321
27010,100,5,321
27020,100,5,320
27030,100,5,320
27040,100,5,319
27050,100,5,319
27060,100,5,319
27070,100,5,319
27080,100,5,319
27090,100,5,319
27100,100,5,319
27110,100,5,319
27120,100,5,318
27130,100,5,318
27140,100,5,317
27150,100,5,317
27160,100,5,316
27170,100,5,316
27180,100,5,316
27190,100,5,316
27200,100,5,316
27210,100,5,316
27220,100,5,315
27230,100,5,315
27240,100,5,314
27250,100,5,314
27260,100,5,314
27270,100,5,314
27280,100,5,314
27290,100,5,314
27300,100,5,314
27310,100,5,314
27320,100,5,313
27330,100,5,313
27340,100,5,312
27350,100,5,312
27360,100,5,311
27370,100,5,311
27380,100,5,311
27390,100,5,311
27400,100,5,311
27410,100,5,311
27420,100,5,310
27430,100,5,310
27440,100,5,309
27450,100,5,309
27460,100,5,309
27470,100,5,309
27480,100,5,309
27490,100,5,309
27500,100,5,309
27510,100,5,309
27520,100,5,308
27530,100,5,308
27540,100,5,307
27550,100,5,307
27560,100,5,306
27570,100,5,306
27580,100,5,306
27590,100,5,306
27600,100,5,306
27610,100,5,306
27620,100,5,305
27630,100,5,305
27640,100,5,304
27650,100,5,304
27660,100,5,304
27670,100,5,304
27680,100,5,304
27690,100,5,304
27700,100,5,304
27710,100,5,304
27720,100,5,303
27730,100,5,303
27740,100,5,302
27750,100,5,302
27760,100,5,301
27770,100,5,301
27780,100,5,301
27790,100,5,301
27800,100,5,301
27810,100,5,301
27820,100,5,300
27830,100,5,300
27840,100,5,299
27850,100,5,299
27860,100,5,299
27870,100,5,299
27880,100,5,299
27890,100,5,299
27900,100,5,299
27910,100,5,299
27920,100,5,298
27930,100,5,298
27940,100,5,297
27950,100,5,297
27960,100,5,296
27970,100,5,296
27980,100,5,296
27990,100,5,296
28000,100,5,296
28010,100,5,296
28020,100,5,295
28030,100,5,295
28040,100,5,294
28050,100,5,294
28060,100,5,294
28070,100,5,294
28080,100,5,294
28090,100,5,294
28100,100,5,294
28110,100,5,294
28120,100,5,293
28130,100,5,293
28140,100,5,292
28150,100,5,292
28160,100,5,291
28170,100,5,291
28180,100,5,291
28190,100,5,291
28200,100,5,291
28210,100,5,291
28220,100,5,290
28230,100,5,290
28240,100,5,289
28250,100,5,289
28260,100,5,289
28270,100,5,289
28280,100,5,289
28290,100,5,289
28300,100,5,289
28310,100,5,289
28320,100,5,288
28330,100,5,288
28340,100,5,287
28350,100,5,287
28360,100,5,286
28370,100,5,286
28380,100,5,286
28390,100,5,286
28400,100,5,286
28410,100,5,286
28420,100,5,285
28430,100,5,285
28440,100,5,284
28450,100,5,284
28460,100,5,284
28470,100,5,284
28480,100,5,284
28490,100,5,284
28500,100,5,284
28510,100,5,284
28520,100,5,283
28530,100,5,283
28540,100,5,282
28550,100,5,282
28560,100,5,281
28570,100,5,281
28580,100,5,281
28590,100,5,281
28600,100,5,281
28610,100,5,281
28620,100,5,280
28630,100,5,280
28640,100,5,279
28650,100,5,279
28660,100,5,279
28670,100,5,279
28680,100,5,279
28690,100,5,279
28700,100,5,279
28710,100,5,279
28720,100,5,278
28730,100,5,278
28740,100,5,277
28750,100,5,277
28760,100,5,276
28770,100,5,276
28780,100,5,276
28790,100,5,276
28800,100,5,276
28810,100,5,276
28820,100,5,275
28830,100,5,275
28840,100,5,274
28850,100,5,274
28860,100,5,274
28870,100,5,274
28880,100,5,274
28890,100,5,274
28900,100,5,274
28910,100,5,274
28920,100,5,273
28930,100,5,273
28940,100,5,272
28950,100,5,272
28960,100,5,271
28970,100,5,271
28980,100,5,271
28990,100,5,271
29000,100,5,271
29010,100,5,271
29020,100,5,270
29030,100,5,270
29040,100,5,269
29050,100,5,269
29060,100,5,269
29070,100,5,269
29080,100,5,269
29090,100,5,269
29100,100,5,269
29110,100,5,269
29120,100,5,268
29130,100,5,268
29140,100,5,267
29150,100,5,267
29160,100,5,266
29170,100,5,266
29180,100,5,266
29190,100,5,266
29200,100,5,266
29210,100,5,266
29220,100,5,265
29230,100,5,265
29240,100,5,264
29250,100,5,264
29260,100,5,264
29270,100,5,264
29280,100,5,264
29290,100,5,264
29300,100,5,264
29310,100,5,264
29320,100,5,263
29330,100,5,263
29340,100,5,262
29350,100,5,262
29360,100,5,261
29370,100,5,261
29380,100,5,261
29390,100,5,261
29400,100,5,261
29410,100,5,261
29420,100,5,260
29430,100,5,260
29440,100,5,259
29450,100,5,259
29460,100,5,259
29470,100,5,259
29480,100,5,259
29490,100,5,259
29500,100,5,259
29510,100,5,259
29520,100,5,258
29530,100,5,258
29540,100,5,257
29550,100,5,257
29560,100,5,256
29570,100,5,256
29580,100,5,256
29590,100,5,256
29600,100,5,256
29610,100,5,256
29620,100,5,255
29630,100,5,255
29640,100,5,254
29650,100,5,254
29660,100,5,254
29670,100,5,254
29680,100,5,254
29690,100,5,254
29700,100,5,254
29710,100,5,254
29720,100,5,253
29730,100,5,253
29740,100,5,252
29750,100,5,252
29760,100,5,251
29770,100,5,251
29780,100,5,251
29790,100,5,251
29800,100,5,251
29810,100,5,251
29820,100,5,250
29830,100,5,250
29840,100,5,249
29850,100,5,249
29860,100,5,249
29870,100,5,249
29880,100,5,249
29890,100,5,249
29900,100,5,249
29910,100,5,249
29920,100,5,248
29930,100,5,248
29940,100,5,247
29950,100,5,247
29960,100,5,246
29970,100,5,246
29980,100,5,246
29990,100,5,246
30000,100,5,246
30010,100,5,246
30020,100,5,245
30030,100,5,245
30040,100,5,244
30050,100,5,244
30060,100,5,244
30070,100,5,244
30080,100,5,244
30090,100,5,244
30100,100,5,244
30110,100,5,244
30120,100,5,243
30130,100,5,243
30140,100,5,242
30150,100,5,242
30160,100,5,241
30170,100,5,241
30180,100,5,241
30190,100,5,241
30200,100,5,241
30210,100,5,241
30220,100,5,240
30230,100,5,240
30240,100,5,239
30250,100,5,239
30260,100,5,239
30270,100,5,239
30280,100,5,239
30290,100,5,239
30300,100,5,239
30310,100,5,239
30320,100,5,238
30330,100,5,238
30340,100,5,237
30350,100,5,237
30360,100,5,236
30370,100,5,236
30380,100,5,236
30390,100,5,236
30400,100,5,236
30410,100,5,236
30420,100,5,235
30430,100,5,235
30440,100,5,234
30450,100,5,234
30460,100,5,234
30470,100,5,234
30480,100,5,234
30490,100,5,234
30500,100,5,234
30510,100,5,234
30520,100,5,233
30530,100,5,233
30540,100,5,232
30550,100,5,232
30560,100,5,231
30570,100,5,231
30580,100,5,231
30590,100,5,231
30600,100,5,231
30610,100,5,231
30620,100,5,230
30630,100,5,230
30640,100,5,229
30650,100,5,229
30660,100,5,229
30670,100,5,229
30680,100,5,229
30690,100,5,229
30700,100,5,229
30710,100,5,229
30720,100,5,228
30730,100,5,228
30740,100,5,227
30750,100,5,227
30760,100,5,226
30770,100,5,226
30780,100,5,226
30790,100,5,226
30800,100,5,226
30810,100,5,226
30820,100,5,225
30830,100,5,225
30840,100,5,224
30850,100,5,224
30860,100,5,224
30870,100,5,224
30880,100,5,224
30890,100,5,224
30900,100,5,224
30910,100,5,224
30920,100,5,223
30930,100,5,223
30940,100,5,222
30950,100,5,222
30960,95,7,219
30970,95,7,219
30980,95,7,219
30990,95,7,219
31000,95,7,219
31010,95,7,219
31020,95,7,218
31030,95,7,218
31040,80,8,216
31050,80,8,216
31060,80,8,216
31070,80,8,216
31080,80,8,216
31090,80,8,216
31100,80,8,216
31110,80,8,216
31120,80,8,215
31130,80,8,215
31140,80,8,214
31150,80,8,214
31160,80,8,211
31170,80,8,211
31180,80,8,211
31190,80,8,211
31200,80,8,211
31210,80,8,211
31220,80,8,210
31230,80,8,210
31240,80,8,208
31250,80,8,208
31260,80,8,208
31270,80,8,208
31280,80,8,208
31290,80,8,208
31300,80,8,208
31310,80,8,208
31320,80,8,207
31330,80,8,207
31340,80,8,206
31350,80,8,206
31360,80,8,203
31370,80,8,203
31380,80,8,203
31390,80,8,203
31400,80,8,203
31410,80,8,203
31420,80,8,202
31430,80,8,202
31440,80,8,200
31450,80,8,200
31460,80,8,200
31470,80,8,200
31480,80,8,200
31490,80,8,200
31500,80,8,200
31510,80,8,200
31520,80,8,199
31530,80,8,199
31540,80,8,198
31550,80,8,198
31560,80,8,195
31570,80,8,195
31580,80,8,195
31590,80,8,195
31600,80,8,195
31610,80,8,195
31620,80,8,194
31630,80,8,194
31640,80,8,192
31650,80,8,192
31660,80,8,192
31670,80,8,192
31680,80,8,192
31690,80,8,192
31700,80,8,192
31710,80,8,192
31720,80,8,191
31730,80,8,191
31740,80,8,190
31750,80,8,190
31760,80,8,187
31770,80,8,187
31780,80,8,187
31790,80,8,187
31800,80,8,187
31810,80,8,187
31820,80,8,186
31830,80,8,186
31840,80,8,184
31850,80,8,184
31860,80,8,184
31870,80,8,184
31880,80,8,184
31890,80,8,184
31900,80,8,184
31910,80,8,184
31920,80,8,183
31930,80,8,183
31940,80,8,182
31950,80,8,182
31960,80,8,179
31970,80,8,179
31980,80,8,179
31990,80,8,179
32000,80,8,179
32010,80,8,179
32020,80,8,178
32030,80,8,178
32040,80,8,176
32050,80,8,176
32060,80,8,176
32070,80,8,176
32080,80,8,176
32090,80,8,176
32100,80,8,176
32110,80,8,176
32120,80,8,175
32130,80,8,175
32140,80,8,174
32150,80,8,174
32160,80,8,171
32170,80,8,171
32180,80,8,171
32190,80,8,171
32200,80,8,171
32210,80,8,171
32220,80,8,170
32230,80,8,170
32240,80,8,168
32250,80,8,168
32260,80,8,168
32270,80,8,168
32280,80,8,168
32290,80,8,168
32300,80,8,168
32310,80,8,168
32320,80,8,167
32330,80,8,167
32340,80,8,166
32350,80,8,166
32360,80,8,163
32370,80,8,163
32380,80,8,163
32390,80,8,163
32400,80,8,163
32410,80,8,163
32420,80,8,162
32430,80,8,162
32440,80,8,160
32450,80,8,160
32460,80,8,160
32470,80,8,160
32480,80,8,160
32490,80,8,160
32500,80,8,160
32510,80,8,160
32520,80,8,159
32530,80,8,159
32540,80,8,158
32550,80,8,158
32560,80,8,155
32570,80,8,155
32580,80,8,155
32590,80,8,155
32600,80,8,155
32610,80,8,155
32620,80,8,154
32630,80,8,154
32640,80,8,152
32650,80,8,152
32660,80,8,152
32670,80,8,152
32680,80,8,152
32690,80,8,152
32700,80,8,152
32710,80,8,152
32720,80,8,151
32730,80,8,151
32740,80,8,150
32750,80,8,150
32760,80,8,147
32770,80,8,147
32780,80,8,147
32790,80,8,147
32800,80,8,147
32810,80,8,147
32820,80,8,146
32830,80,8,146
32840,80,8,144
32850,80,8,144
32860,80,8,144
32870,80,8,144
32880,80,8,144
32890,80,8,144
32900,80,8,144
32910,80,8,144
32920,80,8,143
32930,80,8,143
32940,80,8,142
32950,80,8,142
32960,80,8,139
32970,80,8,139
32980,80,8,139
32990,80,8,139
33000,80,8,139
33010,80,8,139
33020,80,8,138
33030,80,8,138
33040,80,8,136
33050,80,8,136
33060,80,8,136
33070,80,8,136
33080,80,8,136
33090,80,8,136
33100,80,8,136
33110,80,8,136
33120,80,8,135
33130,80,8,135
33140,80,8,134
33150,80,8,134
33160,80,8,131
33170,80,8,131
33180,80,8,131
33190,80,8,131
33200,80,8,131
33210,80,8,131
33220,80,8,130
33230,80,8,130
33240,80,8,128
33250,80,8,128
33260,80,8,128
33270,80,8,128
33280,80,8,128
33290,80,8,128
33300,80,8,128
33310,80,8,128
33320,80,8,127
33330,80,8,127
33340,80,8,126
33350,80,8,126
33360,80,8,123
33370,80,8,123
33380,80,8,123
33390,80,8,123
33400,80,8,123
33410,80,8,123
33420,80,8,122
33430,80,8,122
33440,80,8,120
33450,80,8,120
33460,80,8,120
33470,80,8,120
33480,80,8,120
33490,80,8,120
33500,80,8,120
33510,80,8,120
33520,80,8,119
33530,80,8,119
33540,80,8,118
33550,80,8,118
33560,80,8,115
33570,80,8,115
33580,80,8,115
33590,80,8,115
33600,80,8,115
33610,80,8,115
33620,80,8,114
33630,80,8,114
33640,80,8,112
33650,80,8,112
33660,80,8,112
33670,80,8,112
33680,80,8,112
33690,80,8,112
33700,80,8,112
33710,80,8,112
33720,80,8,111
33730,80,8,111
33740,80,8,110
33750,80,8,110
33760,80,8,107
33770,80,8,107
33780,80,8,107
33790,80,8,107
33800,80,8,107
33810,80,8,107
33820,80,8,106
33830,80,8,106
33840,80,8,104
33850,80,8,104
33860,80,8,104
33870,80,8,104
33880,80,8,104
33890,80,8,104
33900,80,8,104
33910,80,8,104
33920,80,8,103
33930,80,8,103
33940,80,8,102
33950,80,8,102
33960,80,8,99
33970,80,8,99
33980,80,8,99
33990,80,8,99
34000,80,8,99
34010,80,8,99
34020,80,8,98
34030,80,8,98
34040,80,8,96
34050,80,8,96
34060,80,8,96
34070,80,8,96
34080,80,8,96
34090,80,8,96
34100,80,8,96
34110,80,8,96
34120,80,8,95
34130,80,8,95
34140,80,8,94
34150,80,8,94
34160,80,8,91
34170,80,8,91
34180,80,8,91
34190,80,8,91
34200,80,8,91
34210,80,8,91
34220,80,8,90
34230,80,8,90
34240,80,8,88
34250,80,8,88
34260,80,8,88
34270,80,8,88
34280,80,8,88
34290,80,8,88
34300,80,8,88
34310,80,8,88
34320,80,8,87
34330,80,8,87
34340,80,8,86
34350,80,8,86
34360,80,8,83
34370,80,8,83
34380,80,8,83
34390,80,8,83
34400,80,8,83
34410,80,8,83
34420,80,8,82
34430,80,8,82
34440,80,8,80
34450,80,8,80
34460,80,8,80
34470,80,8,80
34480,80,8,80
34490,80,8,80
34500,80,8,80
34510,80,8,80
34520,80,8,79
34530,80,8,79
34540,80,8,78
34550,80,8,78
34560,80,8,75
34570,80,8,75
34580,80,8,75
34590,80,8,75
34600,80,8,75
34610,80,8,75
34620,80,8,74
34630,80,8,74
34640,80,8,72
34650,80,8,72
34660,80,8,72
34670,80,8,72
34680,80,8,72
34690,80,8,72
34700,80,8,72
34710,80,8,72
34720,80,8,71
34730,80,8,71
34740,80,8,70
34750,80,8,70
34760,80,8,67
34770,80,8,67
34780,80,8,67
34790,80,8,67
34800,80,8,67
34810,80,8,67
34820,80,8,66
34830,80,8,66
34840,80,8,64
34850,80,8,64
34860,80,8,64
34870,80,8,64
34880,80,8,64
34890,80,8,64
34900,80,8,64
34910,80,8,64
34920,80,8,63
34930,80,8,63
34940,80,8,62
34950,80,8,62
34960,80,8,59
34970,80,8,59
34980,80,8,59
34990,80,8,59
35000,80,8,59
35010,80,8,59
35020,80,8,58
35030,80,8,58
35040,80,8,56
35050,80,8,56
35060,80,8,56
35070,80,8,56
35080,80,8,56
35090,80,8,56
35100,80,8,56
35110,80,8,56
35120,80,8,55
35130,80,8,55
35140,80,8,54
35150,80,8,54
35160,80,8,51
35170,80,8,51
35180,80,8,51
35190,80,8,51
35200,80,8,51
35210,80,8,51
35220,80,8,50
35230,80,8,50
35240,80,8,48
35250,80,8,48
35260,80,8,48
35270,80,8,48
35280,80,8,48
35290,80,8,48
35300,80,8,48
35310,80,8,48
35320,80,8,47
35330,80,8,47
35340,80,8,46
35350,80,8,46
35360,80,8,43
35370,80,8,43
35380,80,8,43
35390,80,8,43
35400,80,8,43
35410,80,8,43
35420,80,8,42
35430,80,8,42
35440,80,8,40
35450,80,8,40
35460,80,8,40
35470,80,8,40
35480,80,8,40
35490,80,8,40
35500,80,8,40
35510,80,8,40
35520,80,8,39
35530,80,8,39
35540,80,8,38
35550,80,8,38
35560,80,8,35
35570,80,8,35
35580,80,8,35
35590,80,8,35
35600,80,8,35
35610,80,8,35
35620,80,8,34
35630,80,8,34
35640,80,8,32
35650,80,8,32
35660,80,8,32
35670,80,8,32
35680,80,8,32
35690,80,8,32
35700,80,8,32
35710,80,8,32
35720,80,8,31
35730,80,8,31
35740,80,8,30
35750,80,8,30
35760,80,8,27
35770,80,8,27
35780,80,8,27
35790,80,8,27
35800,80,8,27
35810,80,8,27
35820,80,8,26
35830,80,8,26
35840,80,8,24
35850,80,8,24
35860,80,8,24
35870,80,8,24
35880,80,8,24
35890,80,8,24
35900,80,8,24
35910,80,8,24
35920,80,8,23
35930,80,8,23
35940,80,8,22
35950,80,8,22
35960,80,8,19
35970,80,8,19
35980,80,8,19
35990,80,8,19
36000,80,8,19
36010,80,8,19
36020,80,8,18
36030,80,8,18
36040,80,8,16
36050,80,8,16
36060,80,8,16
36070,80,8,16
36080,80,8,16
36090,80,8,16
36100,80,8,16
36110,80,8,16
36120,80,8,15
36130,80,8,15
36140,80,8,14
36150,80,8,14
36160,80,8,11
36170,80,8,11
36180,80,8,11
36190,80,8,11
36200,80,8,11
36210,80,8,11
36220,80,8,10
36230,80,8,10
36240,80,8,8
36250,80,8,8
36260,80,8,8
36270,80,8,8
36280,80,8,8
36290,80,8,8
36300,80,8,8
36310,80,8,8
36320,80,8,7
36330,80,8,7
36340,80,8,6
36350,80,8,6
36360,80,8,3
36370,80,8,3
36380,80,8,3
36390,80,8,3
36400,80,8,3
36410,80,8,3
36420,80,8,2
36430,80,8,2
36440,80,8,0
36450,80,8,0
36460,80,8,0
36470,80,8,0
36480,80,8,0
36490,80,8,0
36500,80,8,0
36510,80,8,0
36520,70,7,0
36530,70,7,0
36540,60,6,0
36550,60,6,0
36560,30,3,0
36570,30,3,0
36580,30,3,0
36590,30,3,0
36600,30,3,0
36610,30,3,0
36620,20,2,0
36630,20,2,0
36640,0,0,0
